Station,Error Messege,Source,Time
LoadRobot,Robot Door Opened! Please Close and press Resume,FrmTitle()  tmrChkError_Tick,11:01
UnloadRobot,Robot Door Opened! Please Close and press Resume,FrmTitle()  tmrChkError_Tick,11:01
LoadRobot,Robot Door Opened! Please Close and press Resume,FrmTitle()  tmrChkError_Tick,13:05
UnloadRobot,Robot Door Opened! Please Close and press Resume,FrmTitle()  tmrChkError_Tick,13:05
LoadRobot,Robot Door Opened! Please Close and press Resume,FrmTitle()  tmrChkError_Tick,15:05
UnloadRobot,Robot Door Opened! Please Close and press Resume,FrmTitle()  tmrChkError_Tick,15:05
LoadRobot,Robot Door Opened! Please Close and press Resume,FrmTitle()  tmrChkError_Tick,16:24
UnloadRobot,Robot Door Opened! Please Close and press Resume,FrmTitle()  tmrChkError_Tick,16:24
LoadRobot,Robot Door Opened! Please Close and press Resume,FrmTitle()  tmrChkError_Tick,16:37
UnloadRobot,Robot Door Opened! Please Close and press Resume,FrmTitle()  tmrChkError_Tick,16:37
LoadRobot,Robot Door Opened! Please Close and press Resume,FrmTitle()  tmrChkError_Tick,16:58
UnloadRobot,Robot Door Opened! Please Close and press Resume,FrmTitle()  tmrChkError_Tick,16:58
LoadRobot,Robot Door Opened! Please Close and press Resume,FrmTitle()  tmrChkError_Tick,17:00
UnloadRobot,Robot Door Opened! Please Close and press Resume,FrmTitle()  tmrChkError_Tick,17:00
LoadRobot,Robot Door Opened! Please Close and press Resume,FrmTitle()  tmrChkError_Tick,17:59
UnloadRobot,Robot Door Opened! Please Close and press Resume,FrmTitle()  tmrChkError_Tick,17:59
LoadRobot,Robot Door Opened! Please Close and press Resume,FrmTitle()  tmrChkError_Tick,20:54
UnloadRobot,Robot Door Opened! Please Close and press Resume,FrmTitle()  tmrChkError_Tick,20:54
LoadRobot,Robot Door Opened! Please Close and press Resume,FrmTitle()  tmrChkError_Tick,21:50
UnloadRobot,Robot Door Opened! Please Close and press Resume,FrmTitle()  tmrChkError_Tick,21:50
LoadRobot,Robot Door Opened! Please Close and press Resume,FrmTitle()  tmrChkError_Tick,22:34
UnloadRobot,Robot Door Opened! Please Close and press Resume,FrmTitle()  tmrChkError_Tick,22:34
LoadRobot,Robot Door Opened! Please Close and press Resume,FrmTitle()  tmrChkError_Tick,23:10
UnloadRobot,Robot Door Opened! Please Close and press Resume,FrmTitle()  tmrChkError_Tick,23:10
